show databases;
use hotel_management;
show tables;
show triggers;

select * from Staff where dept_name="Reception" and position="manager";




insert into STAFF (S_ID, S_FNAME, S_LNAME, SALARY, GENDER, NATIONALITY, ADDRESS, EMAIL, DEPT_NAME, POSITION) values ('S147', 'Kaitlyn', 'Learman', 240000, 'Female', 'Argentina', '12726 Bay Alley', 'kaitlyn.learman@Shangri-Nah.com', 'Maintenance', 'Senior Manager');
insert into STAFF (S_ID, S_FNAME, S_LNAME, SALARY, GENDER, NATIONALITY, ADDRESS, EMAIL, DEPT_NAME, POSITION) values ('S269', 'Reuven', 'Reeman', 245000, 'Male', 'Slovenia', '189 Stephen Park', 'reuven.reeman@Shangri-Nah.com', 'Waiting', 'Senior Manager');
insert into STAFF (S_ID, S_FNAME, S_LNAME, SALARY, GENDER, NATIONALITY, ADDRESS, EMAIL, DEPT_NAME, POSITION) values ('S133', 'Ansley', 'Hoble', 260000, 'Female', 'Russia', '5557 Raven Drive', 'ansley.hoble@Shangri-Nah.com', 'Administration', 'Senior Manager');
insert into STAFF (S_ID, S_FNAME, S_LNAME, SALARY, GENDER, NATIONALITY, ADDRESS, EMAIL, DEPT_NAME, POSITION) values ('S115', 'Galvin', 'Beal', 272000, 'Male', 'Russia', '102 Loeprich Place', 'galvin.beal@Shangri-Nah.com', 'Housekeeping', 'Senior Manager');
insert into STAFF (S_ID, S_FNAME, S_LNAME, SALARY, GENDER, NATIONALITY, ADDRESS, EMAIL, DEPT_NAME, POSITION) values ('S252', 'Cooper', 'Chapling', 194000, 'Male', 'Bangladesh', '35641 Mendota Lane', 'cooper.chapling@Shangri-Nah.com', 'Waiting', 'Manager');
insert into STAFF (S_ID, S_FNAME, S_LNAME, SALARY, GENDER, NATIONALITY, ADDRESS, EMAIL, DEPT_NAME, POSITION) values ('S112', 'Kordula', 'Larrie', 160000, 'Female', 'Serbia', '81257 Maryland Circle', 'kordula.larrie@Shangri-Nah.com', 'Waiting', 'Supervisor');
insert into STAFF (S_ID, S_FNAME, S_LNAME, SALARY, GENDER, NATIONALITY, ADDRESS, EMAIL, DEPT_NAME, POSITION) values ('S168', 'Gianna', 'Catlin', 290000, 'Female', 'Thailand', '3 Tony Place', 'gianna.catlin@Shangri-Nah.com', 'Culinary', 'Senior Manager');
insert into STAFF (S_ID, S_FNAME, S_LNAME, SALARY, GENDER, NATIONALITY, ADDRESS, EMAIL, DEPT_NAME, POSITION) values ('S130', 'Dareen', 'Meier', 270000, 'Female', 'Russia', '084 Stone Corner Terrace', 'dareen.meier@Shangri-Nah.com', 'Reception', 'Senior Manager');
insert into STAFF (S_ID, S_FNAME, S_LNAME, SALARY, GENDER, NATIONALITY, ADDRESS, EMAIL, DEPT_NAME, POSITION) values ('S151', 'Vachel', 'Demetr', 228000, 'Male', 'United States', '4 Commercial Court', 'vachel.demetr@Shangri-Nah.com', 'Reception', 'Manager');
insert into STAFF (S_ID, S_FNAME, S_LNAME, SALARY, GENDER, NATIONALITY, ADDRESS, EMAIL, DEPT_NAME, POSITION) values ('S164', 'Lari', 'Beggin', 33000, 'Female', 'China', '613 Utah Circle', 'lari.beggin@Shangri-Nah.com', 'Waiting', 'Waiter');
insert into STAFF (S_ID, S_FNAME, S_LNAME, SALARY, GENDER, NATIONALITY, ADDRESS, EMAIL, DEPT_NAME, POSITION) values ('S131', 'Ethelred', 'Reilly', 24000, 'Male', 'China', '96752 Bluestem Center', 'ethelred.reilly@Shangri-Nah.com', 'Waiting', 'Waiter');
insert into STAFF (S_ID, S_FNAME, S_LNAME, SALARY, GENDER, NATIONALITY, ADDRESS, EMAIL, DEPT_NAME, POSITION) values ('S106', 'Almeta', 'Osgood', 192000, 'Female', 'Cameroon', '217 Darwin Street', 'almeta.osgood@Shangri-Nah.com', 'Housekeeping', 'Manager');
insert into STAFF (S_ID, S_FNAME, S_LNAME, SALARY, GENDER, NATIONALITY, ADDRESS, EMAIL, DEPT_NAME, POSITION) values ('S140', 'Misha', 'Ridolfi', 210000, 'Female', 'Norway', '58469 Hudson Hill', 'misha.ridolfi@Shangri-Nah.com', 'Maintenance', 'Manager');
insert into STAFF (S_ID, S_FNAME, S_LNAME, SALARY, GENDER, NATIONALITY, ADDRESS, EMAIL, DEPT_NAME, POSITION) values ('S231', 'Derby', 'Beamiss', 190000, 'Male', 'Japan', '6891 Lindbergh Alley', 'derby.beamiss@Shangri-Nah.com', 'Administration', 'Manager');
insert into STAFF (S_ID, S_FNAME, S_LNAME, SALARY, GENDER, NATIONALITY, ADDRESS, EMAIL, DEPT_NAME, POSITION) values ('S221', 'Farand', 'Paireman', 158000, 'Female', 'China', '5 Comanche Park', 'farand.paireman@Shangri-Nah.com', 'Reception', 'Supervisor');
insert into STAFF (S_ID, S_FNAME, S_LNAME, SALARY, GENDER, NATIONALITY, ADDRESS, EMAIL, DEPT_NAME, POSITION) values ('S139', 'Alvy', 'Riccard', 34000, 'Male', 'Portugal', '6 Graedel Pass', 'alvy.riccard@Shangri-Nah.com', 'Waiting', 'Waiter');
insert into STAFF (S_ID, S_FNAME, S_LNAME, SALARY, GENDER, NATIONALITY, ADDRESS, EMAIL, DEPT_NAME, POSITION) values ('S100', 'Huntington', 'Yosifov', 54000, 'Male', 'China', '7728 Bartillon Hill', 'huntington.yosifov@Shangri-Nah.com', 'Reception', 'Receptionist');
insert into STAFF (S_ID, S_FNAME, S_LNAME, SALARY, GENDER, NATIONALITY, ADDRESS, EMAIL, DEPT_NAME, POSITION) values ('S180', 'Richie', 'Ghelardi', 178000, 'Male', 'Moldova', '0343 Ridgeview Place', 'richie.ghelardi@Shangri-Nah.com', 'Administration', 'Supervisor');
insert into STAFF (S_ID, S_FNAME, S_LNAME, SALARY, GENDER, NATIONALITY, ADDRESS, EMAIL, DEPT_NAME, POSITION) values ('S159', 'Jacquelynn', 'Vivien', 160000, 'Female', 'Ukraine', '58 4th Center', 'jacquelynn.vivien@Shangri-Nah.com', 'Housekeeping', 'Supervisor');
insert into STAFF (S_ID, S_FNAME, S_LNAME, SALARY, GENDER, NATIONALITY, ADDRESS, EMAIL, DEPT_NAME, POSITION) values ('S120', 'Drugi', 'McQuarter', 72000, 'Male', 'China', '282 Boyd Trail', 'drugi.mcquarter@Shangri-Nah.com', 'Administration', 'Admin');
insert into STAFF (S_ID, S_FNAME, S_LNAME, SALARY, GENDER, NATIONALITY, ADDRESS, EMAIL, DEPT_NAME, POSITION) values ('S198', 'Hasheem', 'Bardsley', 27000, 'Male', 'Paraguay', '2967 Glendale Place', 'hasheem.bardsley@Shangri-Nah.com', 'Housekeeping', 'Porter');
insert into STAFF (S_ID, S_FNAME, S_LNAME, SALARY, GENDER, NATIONALITY, ADDRESS, EMAIL, DEPT_NAME, POSITION) values ('S185', 'Ellette', 'MacIntyre', 30000, 'Female', 'Philippines', '7 Graedel Junction', 'ellette.macintyre@Shangri-Nah.com', 'Housekeeping', 'Porter');
insert into STAFF (S_ID, S_FNAME, S_LNAME, SALARY, GENDER, NATIONALITY, ADDRESS, EMAIL, DEPT_NAME, POSITION) values ('S113', 'Ferne', 'Walford', 200000, 'Female', 'Palestinian Territory', '355 John Wall Drive', 'ferne.walford@Shangri-Nah.com', 'Culinary', 'Manager');
insert into STAFF (S_ID, S_FNAME, S_LNAME, SALARY, GENDER, NATIONALITY, ADDRESS, EMAIL, DEPT_NAME, POSITION) values ('S219', 'Alwin', 'Schinetti', 170000, 'Male', 'Indonesia', '1 Pankratz Road', 'alwin.schinetti@Shangri-Nah.com', 'Maintenance', 'Supervisor');
insert into STAFF (S_ID, S_FNAME, S_LNAME, SALARY, GENDER, NATIONALITY, ADDRESS, EMAIL, DEPT_NAME, POSITION) values ('S197', 'Laverne', 'Maken', 157000, 'Female', 'China', '8 Bultman Hill', 'laverne.maken@Shangri-Nah.com', 'Culinary', 'Supervisor');
insert into STAFF (S_ID, S_FNAME, S_LNAME, SALARY, GENDER, NATIONALITY, ADDRESS, EMAIL, DEPT_NAME, POSITION) values ('S217', 'Reginald', 'ducarme', 24000, 'Male', 'Egypt', '0 Hovde Circle', 'reginald.ducarme@Shangri-Nah.com', 'Housekeeping', 'Housekeeper');
insert into STAFF (S_ID, S_FNAME, S_LNAME, SALARY, GENDER, NATIONALITY, ADDRESS, EMAIL, DEPT_NAME, POSITION) values ('S150', 'Nat', 'Gammel', 28000, 'Male', 'China', '007 Birchwood Avenue', 'nat.gammel@Shangri-Nah.com', 'Waiting', 'Waiter');
insert into STAFF (S_ID, S_FNAME, S_LNAME, SALARY, GENDER, NATIONALITY, ADDRESS, EMAIL, DEPT_NAME, POSITION) values ('S169', 'Nap', 'Yantsev', 130400, 'Male', 'Poland', '6 Waywood Crossing', 'nap.yantsev@Shangri-Nah.com', 'Culinary', 'Chef');
insert into STAFF (S_ID, S_FNAME, S_LNAME, SALARY, GENDER, NATIONALITY, ADDRESS, EMAIL, DEPT_NAME, POSITION) values ('S127', 'Griffith', 'Agate', 64000, 'Male', 'Russia', '8106 Mallard Plaza', 'griffith.agate@Shangri-Nah.com', 'Administration', 'Admin');
insert into STAFF (S_ID, S_FNAME, S_LNAME, SALARY, GENDER, NATIONALITY, ADDRESS, EMAIL, DEPT_NAME, POSITION) values ('S123', 'Darsie', 'Blakey', 42000, 'Female', 'France', '926 Jana Alley', 'darsie.blakey@Shangri-Nah.com', 'Reception', 'Receptionist');
insert into STAFF (S_ID, S_FNAME, S_LNAME, SALARY, GENDER, NATIONALITY, ADDRESS, EMAIL, DEPT_NAME, POSITION) values ('S144', 'Nathalia', 'Sprules', 45000, 'Female', 'Russia', '5 Grasskamp Place', 'nathalia.sprules@Shangri-Nah.com', 'Reception', 'Receptionist');
insert into STAFF (S_ID, S_FNAME, S_LNAME, SALARY, GENDER, NATIONALITY, ADDRESS, EMAIL, DEPT_NAME, POSITION) values ('S182', 'Riordan', 'Houndsom', 36000, 'Male', 'Yemen', '55584 Summit Hill', 'riordan.houndsom@Shangri-Nah.com', 'Housekeeping', 'Porter');
insert into STAFF (S_ID, S_FNAME, S_LNAME, SALARY, GENDER, NATIONALITY, ADDRESS, EMAIL, DEPT_NAME, POSITION) values ('S196', 'Carmita', 'Harcarse', 84000, 'Female', 'Portugal', '48372 Fairfield Way', 'carmita.harcarse@Shangri-Nah.com', 'Maintenance', 'Technician');
insert into STAFF (S_ID, S_FNAME, S_LNAME, SALARY, GENDER, NATIONALITY, ADDRESS, EMAIL, DEPT_NAME, POSITION) values ('S187', 'Harbert', 'Leehane', 120000, 'Male', 'Russia', '9 Forest Run Alley', 'harbert.leehane@Shangri-Nah.com', 'Culinary', 'Chef');
insert into STAFF (S_ID, S_FNAME, S_LNAME, SALARY, GENDER, NATIONALITY, ADDRESS, EMAIL, DEPT_NAME, POSITION) values ('S121', 'Debera', 'Prine', 130000, 'Female', 'Syria', '97333 Granby Hill', 'debera.prine@Shangri-Nah.com', 'Culinary', 'Chef');
insert into STAFF (S_ID, S_FNAME, S_LNAME, SALARY, GENDER, NATIONALITY, ADDRESS, EMAIL, DEPT_NAME, POSITION) values ('S117', 'Abel', 'Plak', 52000, 'Male', 'Iceland', '853 Hanson Trail', 'abel.plak@Shangri-Nah.com', 'Reception', 'Receptionist');
insert into STAFF (S_ID, S_FNAME, S_LNAME, SALARY, GENDER, NATIONALITY, ADDRESS, EMAIL, DEPT_NAME, POSITION) values ('S165', 'Stephi', 'Sommer', 36000, 'Female', 'Armenia', '1276 Del Sol Terrace', 'stephi.sommer@Shangri-Nah.com', 'Housekeeping', 'Porter');
insert into STAFF (S_ID, S_FNAME, S_LNAME, SALARY, GENDER, NATIONALITY, ADDRESS, EMAIL, DEPT_NAME, POSITION) values ('S176', 'Hervey', 'Strete', 60000, 'Male', 'China', '61792 Knutson Trail', 'hervey.strete@Shangri-Nah.com', 'Administration', 'Admin');
insert into STAFF (S_ID, S_FNAME, S_LNAME, SALARY, GENDER, NATIONALITY, ADDRESS, EMAIL, DEPT_NAME, POSITION) values ('S153', 'Leonardo', 'Orae', 138000, 'Male', 'Indonesia', '915 Swallow Crossing', 'leonardo.orae@Shangri-Nah.com', 'Culinary', 'Chef');
insert into STAFF (S_ID, S_FNAME, S_LNAME, SALARY, GENDER, NATIONALITY, ADDRESS, EMAIL, DEPT_NAME, POSITION) values ('S132', 'Dugald', 'Hernik', 74000, 'Male', 'Canada', '4757 Mendota Center', 'dugald.hernik@Shangri-Nah.com', 'Maintenance', 'Technician');
insert into STAFF (S_ID, S_FNAME, S_LNAME, SALARY, GENDER, NATIONALITY, ADDRESS, EMAIL, DEPT_NAME, POSITION) values ('S174', 'Ryon', 'Costley', 29000, 'Male', 'France', '6680 Columbus Trail', 'ryon.costley@Shangri-Nah.com', 'Waiting', 'Waiter');
insert into STAFF (S_ID, S_FNAME, S_LNAME, SALARY, GENDER, NATIONALITY, ADDRESS, EMAIL, DEPT_NAME, POSITION) values ('S179', 'Blanca', 'Rolston', 36000, 'Female', 'Vietnam', '39 Elgar Crossing', 'blanca.rolston@Shangri-Nah.com', 'Waiting', 'Waiter');
insert into STAFF (S_ID, S_FNAME, S_LNAME, SALARY, GENDER, NATIONALITY, ADDRESS, EMAIL, DEPT_NAME, POSITION) values ('S209', 'Marje', 'Dyble', 60000, 'Female', 'France', '366 Sheridan Way', 'marje.dyble@Shangri-Nah.com', 'Administration', 'Admin');
insert into STAFF (S_ID, S_FNAME, S_LNAME, SALARY, GENDER, NATIONALITY, ADDRESS, EMAIL, DEPT_NAME, POSITION) values ('S137', 'Yorgos', 'Forkan', 60000, 'Male', 'China', '5419 Moulton Road', 'yorgos.forkan@Shangri-Nah.com', 'Maintenance', 'Technician');
insert into STAFF (S_ID, S_FNAME, S_LNAME, SALARY, GENDER, NATIONALITY, ADDRESS, EMAIL, DEPT_NAME, POSITION) values ('S111', 'Janeva', 'Prodrick', 32000, 'Female', 'South Africa', '6 Summer Ridge Street', 'janeva.prodrick@Shangri-Nah.com', 'Waiting', 'Waiter');
insert into STAFF (S_ID, S_FNAME, S_LNAME, SALARY, GENDER, NATIONALITY, ADDRESS, EMAIL, DEPT_NAME, POSITION) values ('S233', 'Tamara', 'Wyldbore', 52000, 'Female', 'Sweden', '364 Thackeray Place', 'tamara.wyldbore@Shangri-Nah.com', 'Reception', 'Receptionist');
insert into STAFF (S_ID, S_FNAME, S_LNAME, SALARY, GENDER, NATIONALITY, ADDRESS, EMAIL, DEPT_NAME, POSITION) values ('S208', 'Hal', 'Castelyn', 22000, 'Male', 'Philippines', '86 Boyd Point', 'hal.castelyn@Shangri-Nah.com', 'Housekeeping', 'Porter');
insert into STAFF (S_ID, S_FNAME, S_LNAME, SALARY, GENDER, NATIONALITY, ADDRESS, EMAIL, DEPT_NAME, POSITION) values ('S207', 'Guenna', 'Delbergue', 30000, 'Female', 'China', '0610 Scoville Lane', 'guenna.delbergue@Shangri-Nah.com', 'Housekeeping', 'Housekeeper');
insert into STAFF (S_ID, S_FNAME, S_LNAME, SALARY, GENDER, NATIONALITY, ADDRESS, EMAIL, DEPT_NAME, POSITION) values ('S212', 'Mattheus', 'Madigan', 54000, 'Male', 'Mauritius', '1 Rockefeller Alley', 'mattheus.madigan@Shangri-Nah.com', 'Administration', 'Admin');
insert into STAFF (S_ID, S_FNAME, S_LNAME, SALARY, GENDER, NATIONALITY, ADDRESS, EMAIL, DEPT_NAME, POSITION) values ('S156', 'Coleman', 'Shuttle', 32000, 'Male', 'Philippines', '7 Crownhardt Circle', 'coleman.shuttle@Shangri-Nah.com', 'Housekeeping', 'Housekeeper');
insert into STAFF (S_ID, S_FNAME, S_LNAME, SALARY, GENDER, NATIONALITY, ADDRESS, EMAIL, DEPT_NAME, POSITION) values ('S315', 'Lauretta', 'Krolik', 44000, 'Female', 'Philippines', '25269 Thackeray Drive', 'lauretta.krolik@Shangri-Nah.com', 'Administration', 'Admin');
insert into STAFF (S_ID, S_FNAME, S_LNAME, SALARY, GENDER, NATIONALITY, ADDRESS, EMAIL, DEPT_NAME, POSITION) values ('S223', 'Hynda', 'Gullivan', 64000, 'Female', 'Canada', '7774 Ludington Pass', 'hynda.gullivan@Shangri-Nah.com', 'Maintenance', 'Technician');
insert into STAFF (S_ID, S_FNAME, S_LNAME, SALARY, GENDER, NATIONALITY, ADDRESS, EMAIL, DEPT_NAME, POSITION) values ('S248', 'Jayme', 'Feltham', 24000, 'Male', 'Cyprus', '3 Reinke Way', 'jayme.feltham@Shangri-Nah.com', 'Waiting', 'Waiter');
insert into STAFF (S_ID, S_FNAME, S_LNAME, SALARY, GENDER, NATIONALITY, ADDRESS, EMAIL, DEPT_NAME, POSITION) values ('S277', 'Marne', 'Massot', 32000, 'Female', 'China', '59294 Anzinger Street', 'marne.massot@Shangri-Nah.com', 'Waiting', 'Waiter');
insert into STAFF (S_ID, S_FNAME, S_LNAME, SALARY, GENDER, NATIONALITY, ADDRESS, EMAIL, DEPT_NAME, POSITION) values ('S358', 'Janaya', 'Olivi', 28000, 'Female', 'China', '6 Division Street', 'janaya.olivi@Shangri-Nah.com', 'Housekeeping', 'Housekeeper');
insert into STAFF (S_ID, S_FNAME, S_LNAME, SALARY, GENDER, NATIONALITY, ADDRESS, EMAIL, DEPT_NAME, POSITION) values ('S372', 'Peadar', 'Bradneck', 36000, 'Male', 'Colombia', '3 Eliot Junction', 'peadar.bradneck@Shangri-Nah.com', 'Housekeeping', 'Housekeeper');
insert into STAFF (S_ID, S_FNAME, S_LNAME, SALARY, GENDER, NATIONALITY, ADDRESS, EMAIL, DEPT_NAME, POSITION) values ('S458', 'Freedman', 'Winks', 30000, 'Male', 'Uganda', '70745 Morrow Terrace', 'freedman.winks@Shangri-Nah.com', 'Housekeeping', 'Housekeeper');
insert into STAFF (S_ID, S_FNAME, S_LNAME, SALARY, GENDER, NATIONALITY, ADDRESS, EMAIL, DEPT_NAME, POSITION) values ('S554', 'Zedekiah', 'Folshom', 140000, 'Male', 'France', '722 Loeprich Terrace', 'zedekiah.folshom@Shangri-Nah.com', 'Culinary', 'Chef');
insert into STAFF (S_ID, S_FNAME, S_LNAME, SALARY, GENDER, NATIONALITY, ADDRESS, EMAIL, DEPT_NAME, POSITION) values ('S643', 'Julius', 'Bows', 120000, 'Male', 'China', '083 Washington Center', 'julius.bows@Shangri-Nah.com', 'Culinary', 'Chef');
insert into STAFF (S_ID, S_FNAME, S_LNAME, SALARY, GENDER, NATIONALITY, ADDRESS, EMAIL, DEPT_NAME, POSITION) values ('S467', 'Paloma', 'How to preserve', 38000, 'Female', 'Mexico', '64842 Dakota Court', 'paloma.how to preserve@Shangri-Nah.com', 'Housekeeping', 'Housekeeper');
insert into STAFF (S_ID, S_FNAME, S_LNAME, SALARY, GENDER, NATIONALITY, ADDRESS, EMAIL, DEPT_NAME, POSITION) values ('S490', 'Lexine', 'Shirt', 74000, 'Female', 'Russia', '6584 Superior Pass', 'lexine.shirt@Shangri-Nah.com', 'Maintenance', 'Technician');
insert into STAFF (S_ID, S_FNAME, S_LNAME, SALARY, GENDER, NATIONALITY, ADDRESS, EMAIL, DEPT_NAME, POSITION) values ('S310', 'Margette', 'Hemphrey', 26000, 'Female', 'Bangladesh', '584 Lotheville Plaza', 'margette.hemphrey@Shangri-Nah.com', 'Waiting', 'Waiter');
insert into STAFF (S_ID, S_FNAME, S_LNAME, SALARY, GENDER, NATIONALITY, ADDRESS, EMAIL, DEPT_NAME, POSITION) values ('S553', 'Cyrus', 'But', 46000, 'Male', 'France', '2330 Farragut Avenue', 'cyrus.but@Shangri-Nah.com', 'Administration', 'Admin');
insert into STAFF (S_ID, S_FNAME, S_LNAME, SALARY, GENDER, NATIONALITY, ADDRESS, EMAIL, DEPT_NAME, POSITION) values ('S913', 'Nonnah', 'Paolicchi', 28000, 'Female', 'China', '46 Holmberg Way', 'nonnah.paolicchi@Shangri-Nah.com', 'Waiting', 'Waiter');
insert into STAFF (S_ID, S_FNAME, S_LNAME, SALARY, GENDER, NATIONALITY, ADDRESS, EMAIL, DEPT_NAME, POSITION) values ('S405', 'Bradney', 'Mayhou', 46000, 'Male', 'Indonesia', '2 Center Court', 'bradney.mayhou@Shangri-Nah.com', 'Administration', 'Admin');
insert into STAFF (S_ID, S_FNAME, S_LNAME, SALARY, GENDER, NATIONALITY, ADDRESS, EMAIL, DEPT_NAME, POSITION) values ('S403', 'Bradney', 'Mayhou', 46000, 'Male', 'Indonesia', '2 Center Court', 'bradney.mayhou@Shangri-Nah.com', 'Administration', 'Admin');
insert into STAFF (S_ID, S_FNAME, S_LNAME, SALARY, GENDER, NATIONALITY, ADDRESS, EMAIL, DEPT_NAME, POSITION) values ('S386', 'Gina', 'Astle', 84400, 'Female', 'Chile', '987 Westport Drive', 'gina.astle@Shangri-Nah.com', 'Maintenance', 'Technician');
insert into STAFF (S_ID, S_FNAME, S_LNAME, SALARY, GENDER, NATIONALITY, ADDRESS, EMAIL, DEPT_NAME, POSITION) values ('S686', 'Ardelle', 'Jeffries', 30000, 'Female', 'Indonesia', '745 Ronald Regan Road', 'ardelle.jeffries@Shangri-Nah.com', 'Housekeeping', 'Housekeeper');
insert into STAFF (S_ID, S_FNAME, S_LNAME, SALARY, GENDER, NATIONALITY, ADDRESS, EMAIL, DEPT_NAME, POSITION) values ('S204', 'Alaric', 'Chatres', 24000, 'Male', 'Indonesia', '6262 Calypso Pass', 'alaric.chatres@Shangri-Nah.com', 'Housekeeping', 'Housekeeper');
insert into STAFF (S_ID, S_FNAME, S_LNAME, SALARY, GENDER, NATIONALITY, ADDRESS, EMAIL, DEPT_NAME, POSITION) values ('S917', 'Jackquelin', 'Gipson', 110000, 'Female', 'Indonesia', '39701 Straubel Place', 'jackquelin.gipson@Shangri-Nah.com', 'Culinary', 'Chef');
insert into STAFF (S_ID, S_FNAME, S_LNAME, SALARY, GENDER, NATIONALITY, ADDRESS, EMAIL, DEPT_NAME, POSITION) values ('S859', 'Isobel', 'Points', 38000, 'Female', 'Panama', '318 Mayfield Avenue', 'isobel.points@Shangri-Nah.com', 'Waiting', 'Waiter');
insert into STAFF (S_ID, S_FNAME, S_LNAME, SALARY, GENDER, NATIONALITY, ADDRESS, EMAIL, DEPT_NAME, POSITION) values ('S971', 'Norri', 'Dowdam', 36000, 'Female', 'Portugal', '80511 Prairie Rose Parkway', 'norri.dowdam@Shangri-Nah.com', 'Waiting', 'Waiter');
insert into STAFF (S_ID, S_FNAME, S_LNAME, SALARY, GENDER, NATIONALITY, ADDRESS, EMAIL, DEPT_NAME, POSITION) values ('S832', 'Koren', 'Ervin', 60000, 'Female', 'Malta', '674 Park Meadow Point', 'koren.ervin@Shangri-Nah.com', 'Administration', 'Admin');
insert into STAFF (S_ID, S_FNAME, S_LNAME, SALARY, GENDER, NATIONALITY, ADDRESS, EMAIL, DEPT_NAME, POSITION) values ('S713', 'Lianna', 'Keedwell', 114000, 'Female', 'China', '80322 International Avenue', 'lianna.keedwell@Shangri-Nah.com', 'Culinary', 'Chef');
insert into STAFF (S_ID, S_FNAME, S_LNAME, SALARY, GENDER, NATIONALITY, ADDRESS, EMAIL, DEPT_NAME, POSITION) values ('S636', 'Sheff', 'Defries', 26000, 'Male', 'Russia', '8054 Anzinger Street', 'sheff.defries@Shangri-Nah.com', 'Waiting', 'Waiter');
insert into STAFF (S_ID, S_FNAME, S_LNAME, SALARY, GENDER, NATIONALITY, ADDRESS, EMAIL, DEPT_NAME, POSITION) values ('S725', 'Jobyna', 'Wareing', 124000, 'Female', 'China', '53881 Crest Line Lane', 'jobyna.wareing@Shangri-Nah.com', 'Culinary', 'Chef');
insert into STAFF (S_ID, S_FNAME, S_LNAME, SALARY, GENDER, NATIONALITY, ADDRESS, EMAIL, DEPT_NAME, POSITION) values ('S524', 'Jonathan', 'Campe', 24000,'Male', 'Brazil', '547 Butternut Plaza', 'jonathan.campe@Shangri-Nah.com', 'Waiting', 'Waiter');
insert into STAFF (S_ID, S_FNAME, S_LNAME, SALARY, GENDER, NATIONALITY, ADDRESS, EMAIL, DEPT_NAME, POSITION) values ('S400', 'Bobby', 'Kief', 120000, 'Male', 'China', '29566 Derek Terrace', 'bobby.kief@Shangri-Nah.com', 'Culinary', 'Chef');
insert into STAFF (S_ID, S_FNAME, S_LNAME, SALARY, GENDER, NATIONALITY, ADDRESS, EMAIL, DEPT_NAME, POSITION) values ('S339', 'Cassius', 'Shevels', 36000, 'Male', 'Japan', '062 Elka Drive', 'cassius.shevels@Shangri-Nah.com', 'Waiting', 'Waiter');
insert into STAFF (S_ID, S_FNAME, S_LNAME, SALARY, GENDER, NATIONALITY, ADDRESS, EMAIL, DEPT_NAME, POSITION) values ('S308', 'Randolph', 'Blei', 76000, 'Male', 'Russia', '028 Corscot Point', 'randolph.blei@Shangri-Nah.com', 'Maintenance', 'Technician');
insert into STAFF (S_ID, S_FNAME, S_LNAME, SALARY, GENDER, NATIONALITY, ADDRESS, EMAIL, DEPT_NAME, POSITION) values ('S210', 'Idaline', 'Grzeszczak', 38000, 'Female', 'Sweden', '637 Evergreen Way', 'idaline.grzeszczak@Shangri-Nah.com', 'Housekeeping', 'Housekeeper');
insert into STAFF (S_ID, S_FNAME, S_LNAME, SALARY, GENDER, NATIONALITY, ADDRESS, EMAIL, DEPT_NAME, POSITION) values ('S203', 'Clint', 'Longmead', 60000, 'Male', 'Peru', '7 Trailsway Avenue', 'clint.longmead@Shangri-Nah.com', 'Waiting', 'Technician');
insert into STAFF (S_ID, S_FNAME, S_LNAME, SALARY, GENDER, NATIONALITY, ADDRESS, EMAIL, DEPT_NAME, POSITION) values ('S459', 'Egon', 'Crosbie', 62000, 'Male', 'Brazil', '68 Chinook Pass', 'egon.crosbie@Shangri-Nah.com', 'Administration', 'Admin');
insert into STAFF (S_ID, S_FNAME, S_LNAME, SALARY, GENDER, NATIONALITY, ADDRESS, EMAIL, DEPT_NAME, POSITION) values ('S327', 'Francesca', 'Slee', 24000, 'Female', 'Afghanistan', '9 Tennyson Road', 'francesca.slee@Shangri-Nah.com', 'Housekeeping', 'Housekeeper');
insert into STAFF (S_ID, S_FNAME, S_LNAME, SALARY, GENDER, NATIONALITY, ADDRESS, EMAIL, DEPT_NAME, POSITION) values ('S345', 'Ximenes', 'Laughton', 72000, 'Male', 'Philippines', '09154 Marcy Court', 'ximenes.laughton@Shangri-Nah.com', 'Maintenance', 'Technician');
insert into STAFF (S_ID, S_FNAME, S_LNAME, SALARY, GENDER, NATIONALITY, ADDRESS, EMAIL, DEPT_NAME, POSITION) values ('S501', 'Ealasaid', 'Braham', 80000, 'Female', 'China', '02 Ryan Plaza', 'ealasaid.braham@Shangri-Nah.com', 'Maintenance', 'Technician');
insert into STAFF (S_ID, S_FNAME, S_LNAME, SALARY, GENDER, NATIONALITY, ADDRESS, EMAIL, DEPT_NAME, POSITION) values ('S595', 'Gordan', 'Chitty', 54000, 'Male', 'Portugal', '3 Brickson Park Place', 'gordan.chitty@Shangri-Nah.com', 'Administration', 'Admin');
insert into STAFF (S_ID, S_FNAME, S_LNAME, SALARY, GENDER, NATIONALITY, ADDRESS, EMAIL, DEPT_NAME, POSITION) values ('S782', 'Rowan', 'Ferrier', 78000, 'Male', 'United States', '2733 Logan Junction', 'rowan.ferrier@Shangri-Nah.com', 'Maintenance', 'Technician');
insert into STAFF (S_ID, S_FNAME, S_LNAME, SALARY, GENDER, NATIONALITY, ADDRESS, EMAIL, DEPT_NAME, POSITION) values ('S749', 'Beverlee', 'Lynett', 72000, 'Female', 'Japan', '6725 Prentice Avenue', 'beverlee.lynett@Shangri-Nah.com', 'Maintenance', 'Technician');
insert into STAFF (S_ID, S_FNAME, S_LNAME, SALARY, GENDER, NATIONALITY, ADDRESS, EMAIL, DEPT_NAME, POSITION) values ('S797', 'Diego', 'Freezer', 68000, 'Male', 'Indonesia', '5841 Di Loreto Road', 'diego.freezer@Shangri-Nah.com', 'Maintenance', 'Technician');
insert into STAFF (S_ID, S_FNAME, S_LNAME, SALARY, GENDER, NATIONALITY, ADDRESS, EMAIL, DEPT_NAME, POSITION) values ('S837', 'Gloriana', 'Meardon', 32000, 'Female', 'France', '7916 Muir Road', 'gloriana.meardon@Shangri-Nah.com', 'Housekeeping', 'Housekeeper');
insert into STAFF (S_ID, S_FNAME, S_LNAME, SALARY, GENDER, NATIONALITY, ADDRESS, EMAIL, DEPT_NAME, POSITION) values ('S783', 'Amity', 'Bamber', 64000, 'Female', 'Lithuania', '0686 Del Mar Parkway', 'amity.bamber@Shangri-Nah.com', 'Maintenance', 'Technician');
insert into STAFF (S_ID, S_FNAME, S_LNAME, SALARY, GENDER, NATIONALITY, ADDRESS, EMAIL, DEPT_NAME, POSITION) values ('S631', 'Laurella', 'Dunphie', 44000, 'Female', 'Ireland', '01 Glendale Junction', 'laurella.dunphie@Shangri-Nah.com', 'Administration', 'Admin');
insert into STAFF (S_ID, S_FNAME, S_LNAME, SALARY, GENDER, NATIONALITY, ADDRESS, EMAIL, DEPT_NAME, POSITION) values ('S681', 'Janel', 'Jeanon', 28000, 'Female', 'China', '70507 Eastlawn Street', 'janel.jeanon@Shangri-Nah.com', 'Housekeeping', 'Housekeeper');
insert into STAFF (S_ID, S_FNAME, S_LNAME, SALARY, GENDER, NATIONALITY, ADDRESS, EMAIL, DEPT_NAME, POSITION) values ('S559', 'Marlie', 'McLese', 82000, 'Female', 'France', '0 Rutledge Junction', 'marlie.mclese@Shangri-Nah.com', 'Maintenance', 'Technician');
insert into STAFF (S_ID, S_FNAME, S_LNAME, SALARY, GENDER, NATIONALITY, ADDRESS, EMAIL, DEPT_NAME, POSITION) values ('S921', 'Phillie', 'Cropper', 36000, 'Female', 'Ireland', '2 Harper Plaza', 'phillie.cropper@Shangri-Nah.com', 'Housekeeping', 'Housekeeper');
insert into STAFF (S_ID, S_FNAME, S_LNAME, SALARY, GENDER, NATIONALITY, ADDRESS, EMAIL, DEPT_NAME, POSITION) values ('S689', 'Arley', 'Errey', 36000, 'Male', 'Ukraine', '97 Autumn Leaf Way', 'arley.errey@Shangri-Nah.com', 'Housekeeping', 'Housekeeper');
insert into STAFF (S_ID, S_FNAME, S_LNAME, SALARY, GENDER, NATIONALITY, ADDRESS, EMAIL, DEPT_NAME, POSITION) values ('S452', 'Anne-corinne', 'Dooher', 38000, 'Female', 'Russia', '9 Merchant Avenue', 'anne-corinne.dooher@Shangri-Nah.com', 'Waiting', 'Waiter');
insert into STAFF (S_ID, S_FNAME, S_LNAME, SALARY, GENDER, NATIONALITY, ADDRESS, EMAIL, DEPT_NAME, POSITION) values ('S290', 'Grantley', 'Boocock', 22000, 'Male', 'Ukraine', '97 Utah Trail', 'grantley.boocock@Shangri-Nah.com', 'Housekeeping', 'Housekeeper');
insert into STAFF (S_ID, S_FNAME, S_LNAME, SALARY, GENDER, NATIONALITY, ADDRESS, EMAIL, DEPT_NAME, POSITION) values ('S291', 'Linoel', 'Dalgetty', 54000, 'Male', 'Chad', '7965 Northridge Terrace', 'linoel.dalgetty@Shangri-Nah.com', 'Administration', 'Admin');
insert into STAFF (S_ID, S_FNAME, S_LNAME, SALARY, GENDER, NATIONALITY, ADDRESS, EMAIL, DEPT_NAME, POSITION) values ('S360', 'Aurora', 'Mount', 26000, 'Female', 'Greece', '6081 Sauthoff Trail', 'aurora.mount@Shangri-Nah.com', 'Housekeeping', 'Housekeeper');


select * from members;

insert into ROOM (R_NO, TYPE, PRICE, OCCUPANCY, STATUS, DESCRIPTION) values ('R100', 'STUDIO', 750, 1, 'VACANT', 'Pool Side');
insert into ROOM (R_NO, TYPE, PRICE, OCCUPANCY, STATUS, DESCRIPTION) values ('R101', 'STUDIO', 800, 1, 'VACANT', 'Theme Park');
insert into ROOM (R_NO, TYPE, PRICE, OCCUPANCY, STATUS, DESCRIPTION) values ('R102', 'STUDIO', 850, 1, 'VACANT', 'Beach Side');
insert into ROOM (R_NO, TYPE, PRICE, OCCUPANCY, STATUS, DESCRIPTION) values ('R103', 'STUDIO', 835, 1, 'VACANT', 'Track View');
insert into ROOM (R_NO, TYPE, PRICE, OCCUPANCY, STATUS, DESCRIPTION) values ('R104', 'STUDIO', 770, 1, 'VACANT', 'City View');
insert into ROOM (R_NO, TYPE, PRICE, OCCUPANCY, STATUS, DESCRIPTION) values ('R105', 'STUDIO', 750, 1, 'VACANT', 'Pool Side');
insert into ROOM (R_NO, TYPE, PRICE, OCCUPANCY, STATUS, DESCRIPTION) values ('R106', 'STUDIO', 800, 1, 'VACANT', 'Theme Park');
insert into ROOM (R_NO, TYPE, PRICE, OCCUPANCY, STATUS, DESCRIPTION) values ('R107', 'STUDIO', 850, 1, 'VACANT', 'Beach Side');
insert into ROOM (R_NO, TYPE, PRICE, OCCUPANCY, STATUS, DESCRIPTION) values ('R108', 'STUDIO', 835, 1, 'VACANT', 'Track View');
insert into ROOM (R_NO, TYPE, PRICE, OCCUPANCY, STATUS, DESCRIPTION) values ('R109', 'STUDIO', 770, 1, 'VACANT', 'City View');
insert into ROOM (R_NO, TYPE, PRICE, OCCUPANCY, STATUS, DESCRIPTION) values ('R110', 'STUDIO', 750, 1, 'VACANT', 'Pool Side');
insert into ROOM (R_NO, TYPE, PRICE, OCCUPANCY, STATUS, DESCRIPTION) values ('R111', 'STUDIO', 800, 1, 'VACANT', 'Theme Park');
insert into ROOM (R_NO, TYPE, PRICE, OCCUPANCY, STATUS, DESCRIPTION) values ('R112', 'STUDIO', 850, 1, 'VACANT', 'Beach Side');
insert into ROOM (R_NO, TYPE, PRICE, OCCUPANCY, STATUS, DESCRIPTION) values ('R113', 'STUDIO', 835, 1, 'VACANT', 'Track View');
insert into ROOM (R_NO, TYPE, PRICE, OCCUPANCY, STATUS, DESCRIPTION) values ('R114', 'STUDIO', 770, 1, 'VACANT', 'City View');
insert into ROOM (R_NO, TYPE, PRICE, OCCUPANCY, STATUS, DESCRIPTION) values ('R115', 'STUDIO', 750, 1, 'VACANT', 'Pool Side');
insert into ROOM (R_NO, TYPE, PRICE, OCCUPANCY, STATUS, DESCRIPTION) values ('R116', 'STUDIO', 800, 1, 'VACANT', 'Theme Park');
insert into ROOM (R_NO, TYPE, PRICE, OCCUPANCY, STATUS, DESCRIPTION) values ('R117', 'STUDIO', 850, 1, 'VACANT', 'Beach Side');
insert into ROOM (R_NO, TYPE, PRICE, OCCUPANCY, STATUS, DESCRIPTION) values ('R118', 'STUDIO', 835, 1, 'VACANT', 'Track View');
insert into ROOM (R_NO, TYPE, PRICE, OCCUPANCY, STATUS, DESCRIPTION) values ('R119', 'STUDIO', 770, 1, 'VACANT', 'City View');
insert into ROOM (R_NO, TYPE, PRICE, OCCUPANCY, STATUS, DESCRIPTION) values ('R120', 'STUDIO', 750, 1, 'VACANT', 'Pool Side');
insert into ROOM (R_NO, TYPE, PRICE, OCCUPANCY, STATUS, DESCRIPTION) values ('R121', 'STUDIO', 800, 1, 'VACANT', 'Theme Park');
insert into ROOM (R_NO, TYPE, PRICE, OCCUPANCY, STATUS, DESCRIPTION) values ('R122', 'STUDIO', 850, 1, 'VACANT', 'Beach Side');
insert into ROOM (R_NO, TYPE, PRICE, OCCUPANCY, STATUS, DESCRIPTION) values ('R123', 'STUDIO', 835, 1, 'VACANT', 'Track View');
insert into ROOM (R_NO, TYPE, PRICE, OCCUPANCY, STATUS, DESCRIPTION) values ('R124', 'STUDIO', 770, 1, 'VACANT', 'City View');


select * from room;

insert into ROOM (R_NO, TYPE, PRICE, OCCUPANCY, STATUS, DESCRIPTION) values ('R200', 'STANDARD', 970, 2, 'VACANT', 'Pool Side');
insert into ROOM (R_NO, TYPE, PRICE, OCCUPANCY, STATUS, DESCRIPTION) values ('R201', 'STANDARD', 1030, 2, 'VACANT', 'Theme Park');
insert into ROOM (R_NO, TYPE, PRICE, OCCUPANCY, STATUS, DESCRIPTION) values ('R202', 'STANDARD', 1040, 2, 'VACANT', 'Beach Side');
insert into ROOM (R_NO, TYPE, PRICE, OCCUPANCY, STATUS, DESCRIPTION) values ('R203', 'STANDARD', 1070, 2, 'VACANT', 'Track View');
insert into ROOM (R_NO, TYPE, PRICE, OCCUPANCY, STATUS, DESCRIPTION) values ('R204', 'STANDARD', 999, 2, 'VACANT', 'City View');
insert into ROOM (R_NO, TYPE, PRICE, OCCUPANCY, STATUS, DESCRIPTION) values ('R205', 'STANDARD', 970, 2, 'VACANT', 'Pool Side');
insert into ROOM (R_NO, TYPE, PRICE, OCCUPANCY, STATUS, DESCRIPTION) values ('R206', 'STANDARD', 1030, 2, 'VACANT', 'Theme Park');
insert into ROOM (R_NO, TYPE, PRICE, OCCUPANCY, STATUS, DESCRIPTION) values ('R207', 'STANDARD', 1040, 2, 'VACANT', 'Beach Side');
insert into ROOM (R_NO, TYPE, PRICE, OCCUPANCY, STATUS, DESCRIPTION) values ('R208', 'STANDARD', 1070, 2, 'VACANT', 'Track View');
insert into ROOM (R_NO, TYPE, PRICE, OCCUPANCY, STATUS, DESCRIPTION) values ('R209', 'STANDARD', 999, 2, 'VACANT', 'City View');
insert into ROOM (R_NO, TYPE, PRICE, OCCUPANCY, STATUS, DESCRIPTION) values ('R210', 'STANDARD', 970, 2, 'VACANT', 'Pool Side');
insert into ROOM (R_NO, TYPE, PRICE, OCCUPANCY, STATUS, DESCRIPTION) values ('R211', 'STANDARD', 1030, 2, 'VACANT', 'Theme Park');
insert into ROOM (R_NO, TYPE, PRICE, OCCUPANCY, STATUS, DESCRIPTION) values ('R212', 'STANDARD', 1040, 2, 'VACANT', 'Beach Side');
insert into ROOM (R_NO, TYPE, PRICE, OCCUPANCY, STATUS, DESCRIPTION) values ('R213', 'STANDARD', 1070, 2, 'VACANT', 'Track View');
insert into ROOM (R_NO, TYPE, PRICE, OCCUPANCY, STATUS, DESCRIPTION) values ('R214', 'STANDARD', 999, 2, 'VACANT', 'City View');
insert into ROOM (R_NO, TYPE, PRICE, OCCUPANCY, STATUS, DESCRIPTION) values ('R215', 'STANDARD', 970, 2, 'VACANT', 'Pool Side');
insert into ROOM (R_NO, TYPE, PRICE, OCCUPANCY, STATUS, DESCRIPTION) values ('R216', 'STANDARD', 1030, 2, 'VACANT', 'Theme Park');
insert into ROOM (R_NO, TYPE, PRICE, OCCUPANCY, STATUS, DESCRIPTION) values ('R217', 'STANDARD', 1040, 2, 'VACANT', 'Beach Side');
insert into ROOM (R_NO, TYPE, PRICE, OCCUPANCY, STATUS, DESCRIPTION) values ('R218', 'STANDARD', 1070, 2, 'VACANT', 'Track View');
insert into ROOM (R_NO, TYPE, PRICE, OCCUPANCY, STATUS, DESCRIPTION) values ('R219', 'STANDARD', 999, 2, 'VACANT', 'City View');
insert into ROOM (R_NO, TYPE, PRICE, OCCUPANCY, STATUS, DESCRIPTION) values ('R220', 'STANDARD', 970, 2, 'VACANT', 'Pool Side');
insert into ROOM (R_NO, TYPE, PRICE, OCCUPANCY, STATUS, DESCRIPTION) values ('R221', 'STANDARD', 1030, 2, 'VACANT', 'Theme Park');
insert into ROOM (R_NO, TYPE, PRICE, OCCUPANCY, STATUS, DESCRIPTION) values ('R222', 'STANDARD', 1040, 2, 'VACANT', 'Beach Side');
insert into ROOM (R_NO, TYPE, PRICE, OCCUPANCY, STATUS, DESCRIPTION) values ('R223', 'STANDARD', 1070, 2, 'VACANT', 'Track View');
insert into ROOM (R_NO, TYPE, PRICE, OCCUPANCY, STATUS, DESCRIPTION) values ('R224', 'STANDARD', 999, 2, 'VACANT', 'City View');

select * from room;

insert into ROOM (R_NO, TYPE, PRICE, OCCUPANCY, STATUS, DESCRIPTION) values ('R300', 'DELUXE', 1270, 3, 'VACANT', 'Pool Side');
insert into ROOM (R_NO, TYPE, PRICE, OCCUPANCY, STATUS, DESCRIPTION) values ('R301', 'DELUXE', 1315, 3, 'VACANT', 'Theme Park');
insert into ROOM (R_NO, TYPE, PRICE, OCCUPANCY, STATUS, DESCRIPTION) values ('R302', 'DELUXE', 1330, 3, 'VACANT', 'Beach Side');
insert into ROOM (R_NO, TYPE, PRICE, OCCUPANCY, STATUS, DESCRIPTION) values ('R303', 'DELUXE', 1350, 3, 'VACANT', 'Track View');
insert into ROOM (R_NO, TYPE, PRICE, OCCUPANCY, STATUS, DESCRIPTION) values ('R304', 'DELUXE', 1300, 3, 'VACANT', 'City View');
insert into ROOM (R_NO, TYPE, PRICE, OCCUPANCY, STATUS, DESCRIPTION) values ('R305', 'DELUXE', 1270, 3, 'VACANT', 'Pool Side');
insert into ROOM (R_NO, TYPE, PRICE, OCCUPANCY, STATUS, DESCRIPTION) values ('R306', 'DELUXE', 1315, 3, 'VACANT', 'Theme Park');
insert into ROOM (R_NO, TYPE, PRICE, OCCUPANCY, STATUS, DESCRIPTION) values ('R307', 'DELUXE', 1330, 3, 'VACANT', 'Beach Side');
insert into ROOM (R_NO, TYPE, PRICE, OCCUPANCY, STATUS, DESCRIPTION) values ('R308', 'DELUXE', 1350, 3, 'VACANT', 'Track View');
insert into ROOM (R_NO, TYPE, PRICE, OCCUPANCY, STATUS, DESCRIPTION) values ('R309', 'DELUXE', 1300, 3, 'VACANT', 'City View');
insert into ROOM (R_NO, TYPE, PRICE, OCCUPANCY, STATUS, DESCRIPTION) values ('R310', 'DELUXE', 1270, 3, 'VACANT', 'Pool Side');
insert into ROOM (R_NO, TYPE, PRICE, OCCUPANCY, STATUS, DESCRIPTION) values ('R311', 'DELUXE', 1315, 3, 'VACANT', 'Theme Park');
insert into ROOM (R_NO, TYPE, PRICE, OCCUPANCY, STATUS, DESCRIPTION) values ('R312', 'DELUXE', 1330, 3, 'VACANT', 'Beach Side');
insert into ROOM (R_NO, TYPE, PRICE, OCCUPANCY, STATUS, DESCRIPTION) values ('R313', 'DELUXE', 1350, 3, 'VACANT', 'Track View');
insert into ROOM (R_NO, TYPE, PRICE, OCCUPANCY, STATUS, DESCRIPTION) values ('R314', 'DELUXE', 1300, 3, 'VACANT', 'City View');
insert into ROOM (R_NO, TYPE, PRICE, OCCUPANCY, STATUS, DESCRIPTION) values ('R315', 'DELUXE', 1270, 3, 'VACANT', 'Pool Side');
insert into ROOM (R_NO, TYPE, PRICE, OCCUPANCY, STATUS, DESCRIPTION) values ('R316', 'DELUXE', 1315, 3, 'VACANT', 'Theme Park');
insert into ROOM (R_NO, TYPE, PRICE, OCCUPANCY, STATUS, DESCRIPTION) values ('R317', 'DELUXE', 1330, 3, 'VACANT', 'Beach Side');
insert into ROOM (R_NO, TYPE, PRICE, OCCUPANCY, STATUS, DESCRIPTION) values ('R318', 'DELUXE', 1350, 3, 'VACANT', 'Track View');
insert into ROOM (R_NO, TYPE, PRICE, OCCUPANCY, STATUS, DESCRIPTION) values ('R319', 'DELUXE', 1300, 3, 'VACANT', 'City View');
insert into ROOM (R_NO, TYPE, PRICE, OCCUPANCY, STATUS, DESCRIPTION) values ('R320', 'DELUXE', 1270, 3, 'VACANT', 'Pool Side');
insert into ROOM (R_NO, TYPE, PRICE, OCCUPANCY, STATUS, DESCRIPTION) values ('R321', 'DELUXE', 1315, 3, 'VACANT', 'Theme Park');
insert into ROOM (R_NO, TYPE, PRICE, OCCUPANCY, STATUS, DESCRIPTION) values ('R322', 'DELUXE', 1330, 3, 'VACANT', 'Beach Side');
insert into ROOM (R_NO, TYPE, PRICE, OCCUPANCY, STATUS, DESCRIPTION) values ('R323', 'DELUXE', 1350, 3, 'VACANT', 'Track View');
insert into ROOM (R_NO, TYPE, PRICE, OCCUPANCY, STATUS, DESCRIPTION) values ('R324', 'DELUXE', 1300, 3, 'VACANT', 'City View');

select * from room;

insert into ROOM (R_NO, TYPE, PRICE, OCCUPANCY, STATUS, DESCRIPTION) values ('R400', 'SUITE', 1470, 4, 'VACANT', 'Pool Side');
insert into ROOM (R_NO, TYPE, PRICE, OCCUPANCY, STATUS, DESCRIPTION) values ('R401', 'SUITE', 1500, 4, 'VACANT', 'Theme Park');
insert into ROOM (R_NO, TYPE, PRICE, OCCUPANCY, STATUS, DESCRIPTION) values ('R402', 'SUITE', 1530, 4, 'VACANT', 'Beach Side');
insert into ROOM (R_NO, TYPE, PRICE, OCCUPANCY, STATUS, DESCRIPTION) values ('R403', 'SUITE', 1550, 4, 'VACANT', 'Track View');
insert into ROOM (R_NO, TYPE, PRICE, OCCUPANCY, STATUS, DESCRIPTION) values ('R404', 'SUITE', 1490, 4, 'VACANT', 'City View');
insert into ROOM (R_NO, TYPE, PRICE, OCCUPANCY, STATUS, DESCRIPTION) values ('R405', 'SUITE', 1470, 4, 'VACANT', 'Pool Side');
insert into ROOM (R_NO, TYPE, PRICE, OCCUPANCY, STATUS, DESCRIPTION) values ('R406', 'SUITE', 1500, 4, 'VACANT', 'Theme Park');
insert into ROOM (R_NO, TYPE, PRICE, OCCUPANCY, STATUS, DESCRIPTION) values ('R407', 'SUITE', 1530, 4, 'VACANT', 'Beach Side');
insert into ROOM (R_NO, TYPE, PRICE, OCCUPANCY, STATUS, DESCRIPTION) values ('R408', 'SUITE', 1550, 4, 'VACANT', 'Track View');
insert into ROOM (R_NO, TYPE, PRICE, OCCUPANCY, STATUS, DESCRIPTION) values ('R409', 'SUITE', 1490, 4, 'VACANT', 'City View');
insert into ROOM (R_NO, TYPE, PRICE, OCCUPANCY, STATUS, DESCRIPTION) values ('R410', 'SUITE', 1470, 4, 'VACANT', 'Pool Side');
insert into ROOM (R_NO, TYPE, PRICE, OCCUPANCY, STATUS, DESCRIPTION) values ('R411', 'SUITE', 1500, 4, 'VACANT', 'Theme Park');
insert into ROOM (R_NO, TYPE, PRICE, OCCUPANCY, STATUS, DESCRIPTION) values ('R412', 'SUITE', 1530, 4, 'VACANT', 'Beach Side');
insert into ROOM (R_NO, TYPE, PRICE, OCCUPANCY, STATUS, DESCRIPTION) values ('R413', 'SUITE', 1550, 4, 'VACANT', 'Track View');
insert into ROOM (R_NO, TYPE, PRICE, OCCUPANCY, STATUS, DESCRIPTION) values ('R414', 'SUITE', 1490, 4, 'VACANT', 'City View');
insert into ROOM (R_NO, TYPE, PRICE, OCCUPANCY, STATUS, DESCRIPTION) values ('R415', 'SUITE', 1470, 4, 'VACANT', 'Pool Side');
insert into ROOM (R_NO, TYPE, PRICE, OCCUPANCY, STATUS, DESCRIPTION) values ('R416', 'SUITE', 1500, 4, 'VACANT', 'Theme Park');
insert into ROOM (R_NO, TYPE, PRICE, OCCUPANCY, STATUS, DESCRIPTION) values ('R417', 'SUITE', 1530, 4, 'VACANT', 'Beach Side');
insert into ROOM (R_NO, TYPE, PRICE, OCCUPANCY, STATUS, DESCRIPTION) values ('R418', 'SUITE', 1550, 4, 'VACANT', 'Track View');
insert into ROOM (R_NO, TYPE, PRICE, OCCUPANCY, STATUS, DESCRIPTION) values ('R419', 'SUITE', 1490, 4, 'VACANT', 'City View');
insert into ROOM (R_NO, TYPE, PRICE, OCCUPANCY, STATUS, DESCRIPTION) values ('R420', 'SUITE', 1470, 4, 'VACANT', 'Pool Side');
insert into ROOM (R_NO, TYPE, PRICE, OCCUPANCY, STATUS, DESCRIPTION) values ('R421', 'SUITE', 1500, 4, 'VACANT', 'Theme Park');
insert into ROOM (R_NO, TYPE, PRICE, OCCUPANCY, STATUS, DESCRIPTION) values ('R422', 'SUITE', 1530, 4, 'VACANT', 'Beach Side');
insert into ROOM (R_NO, TYPE, PRICE, OCCUPANCY, STATUS, DESCRIPTION) values ('R423', 'SUITE', 1550, 4, 'VACANT', 'Track View');
insert into ROOM (R_NO, TYPE, PRICE, OCCUPANCY, STATUS, DESCRIPTION) values ('R424', 'SUITE', 1490, 4, 'VACANT', 'City View');

select * from guest;

insert into GUEST (G_ID, G_FNAME, G_LNAME, AGE, NATIONALITY, PHONE_NUMBER, EMAIL, ADDRESS, PASSPORT_NUMBER) values ('G100', 'Care', 'Fennessy', 74, 'Indonesia', '+1507066857', 'cfennessy0@alexa.com', '6461 Dawn Way', 'P7343381');
insert into GUEST (G_ID, G_FNAME, G_LNAME, AGE, NATIONALITY, PHONE_NUMBER, EMAIL, ADDRESS, PASSPORT_NUMBER) values ('G101', 'Fidel', 'Benoy', 49, 'Norway', '+3315264373', 'fbenoy1@clickbank.net', '8904 Briar Crest Circle', 'H1737095');
insert into GUEST (G_ID, G_FNAME, G_LNAME, AGE, NATIONALITY, PHONE_NUMBER, EMAIL, ADDRESS, PASSPORT_NUMBER) values ('G102', 'Friederike', 'Ferrier', 74, 'Japan', '+7878511336', 'fferrier2@domainmarket.com', '2067 Ridgeview Junction', 'B8666875');
insert into GUEST (G_ID, G_FNAME, G_LNAME, AGE, NATIONALITY, PHONE_NUMBER, EMAIL, ADDRESS, PASSPORT_NUMBER) values ('G103', 'Orlando', 'Baccus', 77, 'Luxembourg', '+7644617702', 'obaccus3@dyndns.org', '92693 Sugar Place', 'I5971324');
insert into GUEST (G_ID, G_FNAME, G_LNAME, AGE, NATIONALITY, PHONE_NUMBER, EMAIL, ADDRESS, PASSPORT_NUMBER) values ('G104', 'Frederich', 'Gregori', 43, 'Brazil', '+7083715345', 'fgregori4@paypal.com', '5 Mccormick Lane', 'F9977371');
insert into GUEST (G_ID, G_FNAME, G_LNAME, AGE, NATIONALITY, PHONE_NUMBER, EMAIL, ADDRESS, PASSPORT_NUMBER) values ('G105', 'Derril', 'Platfoot', 32, 'China', '+1364363206', 'dplatfoot5@indiegogo.com', '6 Derek Pass', 'D7498708');
insert into GUEST (G_ID, G_FNAME, G_LNAME, AGE, NATIONALITY, PHONE_NUMBER, EMAIL, ADDRESS, PASSPORT_NUMBER) values ('G106', 'Mortimer', 'Warton', 57, 'China', '+1022252027', 'mwarton6@bravesites.com', '79963 Chinook Road', 'L5344620');
insert into GUEST (G_ID, G_FNAME, G_LNAME, AGE, NATIONALITY, PHONE_NUMBER, EMAIL, ADDRESS, PASSPORT_NUMBER) values ('G107', 'Dana', 'Reast', 65, 'China', '+0593183107', 'dreast7@ted.com', '548 Twin Pines Pass', 'V9646329');
insert into GUEST (G_ID, G_FNAME, G_LNAME, AGE, NATIONALITY, PHONE_NUMBER, EMAIL, ADDRESS, PASSPORT_NUMBER) values ('G108', 'Chucho', 'Demetr', 65, 'Iran', '+3782688027', 'cdemetr8@ow.ly', '5 Macpherson Street', 'H4708914');
insert into GUEST (G_ID, G_FNAME, G_LNAME, AGE, NATIONALITY, PHONE_NUMBER, EMAIL, ADDRESS, PASSPORT_NUMBER) values ('G109', 'Sara-ann', 'Rudgley', 69, 'Philippines', '+4801888064', 'srudgley9@wunderground.com', '44368 Melvin Point', 'C6804435');
insert into GUEST (G_ID, G_FNAME, G_LNAME, AGE, NATIONALITY, PHONE_NUMBER, EMAIL, ADDRESS, PASSPORT_NUMBER) values ('G110', 'Luca', 'Hablot', 79, 'Indonesia', '+7905487851', 'lhablota@buzzfeed.com', '26257 Debs Pass', 'X6432814');
insert into GUEST (G_ID, G_FNAME, G_LNAME, AGE, NATIONALITY, PHONE_NUMBER, EMAIL, ADDRESS, PASSPORT_NUMBER) values ('G111', 'Janis', 'Greeveson', 50, 'Bulgaria', '+9595173008', 'jgreevesonb@slashdot.org', '55 Fremont Lane', 'S4580227');
insert into GUEST (G_ID, G_FNAME, G_LNAME, AGE, NATIONALITY, PHONE_NUMBER, EMAIL, ADDRESS, PASSPORT_NUMBER) values ('G112', 'Kirby', 'Stother', 34, 'Saudi Arabia', '+7667260989', 'kstotherc@chron.com', '68 Starling Lane', 'B8166776');
insert into GUEST (G_ID, G_FNAME, G_LNAME, AGE, NATIONALITY, PHONE_NUMBER, EMAIL, ADDRESS, PASSPORT_NUMBER) values ('G113', 'Jodi', 'Levis', 37, 'Kosovo', '+0036951626', 'jlevisd@forbes.com', '30 Fairfield Way', 'J2332316');
insert into GUEST (G_ID, G_FNAME, G_LNAME, AGE, NATIONALITY, PHONE_NUMBER, EMAIL, ADDRESS, PASSPORT_NUMBER) values ('G114', 'Abramo', 'Glabach', 34, 'Vietnam', '+0657685143', 'aglabache@ftc.gov', '7307 Coleman Park', 'S8210980');
insert into GUEST (G_ID, G_FNAME, G_LNAME, AGE, NATIONALITY, PHONE_NUMBER, EMAIL, ADDRESS, PASSPORT_NUMBER) values ('G115', 'Catharina', 'Medd', 62, 'China', '+0598694464', 'cmeddf@github.io', '88603 Bluejay Terrace', 'W2353519');
insert into GUEST (G_ID, G_FNAME, G_LNAME, AGE, NATIONALITY, PHONE_NUMBER, EMAIL, ADDRESS, PASSPORT_NUMBER) values ('G116', 'Arnuad', 'Codron', 35, 'Russia', '+5545221768', 'acodrong@cloudflare.com', '37 Jenna Drive', 'X0505903');
insert into GUEST (G_ID, G_FNAME, G_LNAME, AGE, NATIONALITY, PHONE_NUMBER, EMAIL, ADDRESS, PASSPORT_NUMBER) values ('G117', 'Arel', 'Lehrmann', 29, 'Thailand', '+8779721730', 'alehrmannh@altervista.org', '39 Pearson Pass', 'M8937281');
insert into GUEST (G_ID, G_FNAME, G_LNAME, AGE, NATIONALITY, PHONE_NUMBER, EMAIL, ADDRESS, PASSPORT_NUMBER) values ('G118', 'Farly', 'Metts', 45, 'Spain', '+2465104135', 'fmettsi@artisteer.com', '3917 Mariners Cove Lane', 'F7056699');
insert into GUEST (G_ID, G_FNAME, G_LNAME, AGE, NATIONALITY, PHONE_NUMBER, EMAIL, ADDRESS, PASSPORT_NUMBER) values ('G119', 'Myra', 'Witter', 56, 'Indonesia', '+2002475294', 'mwitterj@networkadvertising.org', '68 Manitowish Street', 'C5482420');
insert into GUEST (G_ID, G_FNAME, G_LNAME, AGE, NATIONALITY, PHONE_NUMBER, EMAIL, ADDRESS, PASSPORT_NUMBER) values ('G120', 'Florie', 'Walsom', 73, 'Argentina', '+7004591969', 'fwalsomk@google.cn', '007 Vahlen Hill', 'A6500766');
insert into GUEST (G_ID, G_FNAME, G_LNAME, AGE, NATIONALITY, PHONE_NUMBER, EMAIL, ADDRESS, PASSPORT_NUMBER) values ('G121', 'Colin', 'Ranscombe', 66, 'Macedonia', '+1253025323', 'cranscombel@fema.gov', '144 Hovde Park', 'E8669106');
insert into GUEST (G_ID, G_FNAME, G_LNAME, AGE, NATIONALITY, PHONE_NUMBER, EMAIL, ADDRESS, PASSPORT_NUMBER) values ('G122', 'Clevie', 'Bonny', 77, 'China', '+8727373394', 'cbonnym@artisteer.com', '4422 Rigney Trail', 'R3065383');
insert into GUEST (G_ID, G_FNAME, G_LNAME, AGE, NATIONALITY, PHONE_NUMBER, EMAIL, ADDRESS, PASSPORT_NUMBER) values ('G123', 'Em', 'Kerley', 28, 'Indonesia', '+4543932057', 'ekerleyn@usgs.gov', '478 Bobwhite Avenue', 'H0765489');
insert into GUEST (G_ID, G_FNAME, G_LNAME, AGE, NATIONALITY, PHONE_NUMBER, EMAIL, ADDRESS, PASSPORT_NUMBER) values ('G124', 'Kellia', 'Sollowaye', 36, 'Portugal', '+7840675622', 'ksollowayeo@livejournal.com', '2 Sugar Terrace', 'M0906473');
insert into GUEST (G_ID, G_FNAME, G_LNAME, AGE, NATIONALITY, PHONE_NUMBER, EMAIL, ADDRESS, PASSPORT_NUMBER) values ('G125', 'Marcile', 'Moyle', 49, 'Ukraine', '+3206487066', 'mmoylep@ucoz.com', '32 Hanover Trail', 'H7478009');
insert into GUEST (G_ID, G_FNAME, G_LNAME, AGE, NATIONALITY, PHONE_NUMBER, EMAIL, ADDRESS, PASSPORT_NUMBER) values ('G126', 'Chas', 'Freeberne', 70, 'Guatemala', '+2376699353', 'cfreeberneq@ed.gov', '86329 Longview Plaza', 'M9913484');
insert into GUEST (G_ID, G_FNAME, G_LNAME, AGE, NATIONALITY, PHONE_NUMBER, EMAIL, ADDRESS, PASSPORT_NUMBER) values ('G127', 'Bev', 'Dowles', 74, 'China', '+9516578077', 'bdowlesr@berkeley.edu', '4 Ohio Way', 'S1135431');
insert into GUEST (G_ID, G_FNAME, G_LNAME, AGE, NATIONALITY, PHONE_NUMBER, EMAIL, ADDRESS, PASSPORT_NUMBER) values ('G128', 'Gene', 'Loalday', 23, 'Philippines', '+6975808942', 'gloaldays@bandcamp.com', '41 Lake View Lane', 'T6994677');
insert into GUEST (G_ID, G_FNAME, G_LNAME, AGE, NATIONALITY, PHONE_NUMBER, EMAIL, ADDRESS, PASSPORT_NUMBER) values ('G129', 'Audy', 'Daleman', 72, 'Indonesia', '+0701614208', 'adalemant@businessweek.com', '67 Hintze Lane', 'Q8985925');


SELECT * FROM MEMBERS;

insert into MEMBERS (G_ID, M_NAME, PASSPORT_NUMBER) values ('G100', 'Regen Shawley', 'T1692736');
insert into MEMBERS (G_ID, M_NAME, PASSPORT_NUMBER) values ('G101', 'Drugi Liebermann', 'G4037612');
insert into MEMBERS (G_ID, M_NAME, PASSPORT_NUMBER) values ('G102', 'Barrett Ambler', 'Q7116004');
insert into MEMBERS (G_ID, M_NAME, PASSPORT_NUMBER) values ('G105', 'Nikolaus Spinetti', 'L0568846');
insert into MEMBERS (G_ID, M_NAME, PASSPORT_NUMBER) values ('G106', 'Mylo Olivia', 'M7860434');
insert into MEMBERS (G_ID, M_NAME, PASSPORT_NUMBER) values ('G107', 'Tamarra Hedling', 'H3618179');
insert into MEMBERS (G_ID, M_NAME, PASSPORT_NUMBER) values ('G108', 'Clem Ashwin', 'G6974449');
insert into MEMBERS (G_ID, M_NAME, PASSPORT_NUMBER) values ('G109', 'Ellissa Masser', 'E8748284');
insert into MEMBERS (G_ID, M_NAME, PASSPORT_NUMBER) values ('G121', 'Mable Culbard', 'J8140042');
insert into MEMBERS (G_ID, M_NAME, PASSPORT_NUMBER) values ('G123', 'Lindie Chewter', 'N8479982');
insert into MEMBERS (G_ID, M_NAME, PASSPORT_NUMBER) values ('G124', 'Ricki Farman', 'Q6736736');
insert into MEMBERS (G_ID, M_NAME, PASSPORT_NUMBER) values ('G125', 'Agathe Silman', 'F4958933');
insert into MEMBERS (G_ID, M_NAME, PASSPORT_NUMBER) values ('G126', 'Lanie Broadfield', 'D5545331');
insert into MEMBERS (G_ID, M_NAME, PASSPORT_NUMBER) values ('G127', 'Lucie Scoular', 'W6720523');
insert into MEMBERS (G_ID, M_NAME, PASSPORT_NUMBER) values ('G100', 'Bailie Shoebrook', 'G4984580');
insert into MEMBERS (G_ID, M_NAME, PASSPORT_NUMBER) values ('G101', 'Dara Nowell', 'H6648996');
insert into MEMBERS (G_ID, M_NAME, PASSPORT_NUMBER) values ('G102', 'Humbert Spavins', 'U7165196');
insert into MEMBERS (G_ID, M_NAME, PASSPORT_NUMBER) values ('G105', 'Rogers Kemston', 'L5667055');
insert into MEMBERS (G_ID, M_NAME, PASSPORT_NUMBER) values ('G106', 'Leisha Abrahamian', 'N8526924');
insert into MEMBERS (G_ID, M_NAME, PASSPORT_NUMBER) values ('G107', 'Lanette Hover', 'F7978322');
insert into MEMBERS (G_ID, M_NAME, PASSPORT_NUMBER) values ('G108', 'Jase McClune', 'N0987350');
insert into MEMBERS (G_ID, M_NAME, PASSPORT_NUMBER) values ('G109', 'Rozelle Reilly', 'R0766232');
insert into MEMBERS (G_ID, M_NAME, PASSPORT_NUMBER) values ('G121', 'Osborn Dwire', 'S6753496');
insert into MEMBERS (G_ID, M_NAME, PASSPORT_NUMBER) values ('G123', 'Gage Thomelin', 'N2257933');
insert into MEMBERS (G_ID, M_NAME, PASSPORT_NUMBER) values ('G124', 'Kristine Beeden', 'Q1867444');
insert into MEMBERS (G_ID, M_NAME, PASSPORT_NUMBER) values ('G125', 'Alexandrina Chittenden', 'G5356393');
insert into MEMBERS (G_ID, M_NAME, PASSPORT_NUMBER) values ('G126', 'Lilyan Daborn', 'Y5969289');
insert into MEMBERS (G_ID, M_NAME, PASSPORT_NUMBER) values ('G127', 'Vivianna Penman', 'G8036351');
insert into MEMBERS (G_ID, M_NAME, PASSPORT_NUMBER) values ('G100', 'Bailey Crunden', 'Q6614811');
insert into MEMBERS (G_ID, M_NAME, PASSPORT_NUMBER) values ('G101', 'Noni Armfirld', 'D9713086');
insert into MEMBERS (G_ID, M_NAME, PASSPORT_NUMBER) values ('G102', 'Rosemarie Coan', 'B0571073');
insert into MEMBERS (G_ID, M_NAME, PASSPORT_NUMBER) values ('G105', 'Dietrich Whittles', 'O9128343');
insert into MEMBERS (G_ID, M_NAME, PASSPORT_NUMBER) values ('G106', 'Chrysler Arington', 'B3839672');
insert into MEMBERS (G_ID, M_NAME, PASSPORT_NUMBER) values ('G107', 'Ange Oak', 'D7870028');
insert into MEMBERS (G_ID, M_NAME, PASSPORT_NUMBER) values ('G108', 'Levy Imm', 'W2798463');
insert into MEMBERS (G_ID, M_NAME, PASSPORT_NUMBER) values ('G109', 'Marlin Divina', 'Y2442461');
insert into MEMBERS (G_ID, M_NAME, PASSPORT_NUMBER) values ('G121', 'Elvis Bagworth', 'M9669967');
insert into MEMBERS (G_ID, M_NAME, PASSPORT_NUMBER) values ('G123', 'Morena Byfford', 'B0807483');

insert into MEMBERS (G_ID, M_NAME, PASSPORT_NUMBER) values ('G111', 'Terrye Hardaker', 'W6165063');
insert into MEMBERS (G_ID, M_NAME, PASSPORT_NUMBER) values ('G112', 'Gerladina Aslet', 'E3677082');
insert into MEMBERS (G_ID, M_NAME, PASSPORT_NUMBER) values ('G113', 'Jessika Mabone', 'S6737739');
insert into MEMBERS (G_ID, M_NAME, PASSPORT_NUMBER) values ('G114', 'Phaedra Posselwhite', 'K0781118');
insert into MEMBERS (G_ID, M_NAME, PASSPORT_NUMBER) values ('G115', 'Zaria Wooffinden', 'F3349722');
insert into MEMBERS (G_ID, M_NAME, PASSPORT_NUMBER) values ('G116', 'Marla Piggrem', 'C2358197');
insert into MEMBERS (G_ID, M_NAME, PASSPORT_NUMBER) values ('G117', 'Rolfe Letrange', 'S2447943');
insert into MEMBERS (G_ID, M_NAME, PASSPORT_NUMBER) values ('G118', 'Aristotle Alven', 'U9751297');
insert into MEMBERS (G_ID, M_NAME, PASSPORT_NUMBER) values ('G119', 'Gianna Vasyaev', 'V7108728');
insert into MEMBERS (G_ID, M_NAME, PASSPORT_NUMBER) values ('G120', 'Allie Kerslake', 'K7622190');
insert into MEMBERS (G_ID, M_NAME, PASSPORT_NUMBER) values ('G111', 'Maible Quinevan', 'Y5673042');
insert into MEMBERS (G_ID, M_NAME, PASSPORT_NUMBER) values ('G112', 'Cyndia Fishwick', 'C0627396');
insert into MEMBERS (G_ID, M_NAME, PASSPORT_NUMBER) values ('G113', 'Rodolphe Abram', 'O2658265');
insert into MEMBERS (G_ID, M_NAME, PASSPORT_NUMBER) values ('G114', 'Ally Hoodless', 'Z4803476');
insert into MEMBERS (G_ID, M_NAME, PASSPORT_NUMBER) values ('G115', 'Lanae Ould', 'Y0449962');
insert into MEMBERS (G_ID, M_NAME, PASSPORT_NUMBER) values ('G116', 'Billye Bowden', 'W3167724');
insert into MEMBERS (G_ID, M_NAME, PASSPORT_NUMBER) values ('G117', 'Theda Ammer', 'L0365065');
insert into MEMBERS (G_ID, M_NAME, PASSPORT_NUMBER) values ('G118', 'Ronnie Hanton', 'Z2424908');
insert into MEMBERS (G_ID, M_NAME, PASSPORT_NUMBER) values ('G119', 'Derk Durbann', 'E0717624');
insert into MEMBERS (G_ID, M_NAME, PASSPORT_NUMBER) values ('G120', 'Vale Giraudo', 'L2536411');


insert into BOOKING (B_ID,G_ID,R_NO,B_DATE,CHECK_IN,CHECK_OUT) values('B100','G100','R400','2022-09-10 12:23:30','2022-09-23','2022-09-30');
insert into BOOKING (B_ID,G_ID,R_NO,B_DATE,CHECK_IN,CHECK_OUT) values('B101','G101','R411','2022-11-09 14:54:03','2022-12-05','2022-12-12');
insert into BOOKING (B_ID,G_ID,R_NO,B_DATE,CHECK_IN,CHECK_OUT) values('B102','G102','R407','2022-06-10 17:50:37','2022-06-26','2022-06-29');
insert into BOOKING (B_ID,G_ID,R_NO,B_DATE,CHECK_IN,CHECK_OUT) values('B123','G124','R315','2022-08-24 16:05:12','2022-09-05','2022-09-11');
insert into BOOKING(B_ID,G_ID,R_NO,B_DATE,CHECK_IN,CHECK_OUT) values('B112','G112','R103','2022-02-08 10:15:29','2022-03-16','2022-03-21');
insert into BOOKING(B_ID,G_ID,R_NO,B_DATE,CHECK_IN,CHECK_OUT) values('B120','G120','R312','2022-12-10 08:58:33','2022-12-20','2022-12-29');
insert into BOOKING(B_ID,G_ID,R_NO,B_DATE,CHECK_IN,CHECK_OUT) values('B129','G129','R109','2023-04-18 13:14:42','2023-05-07','2023-05-12');
insert into BOOKING(B_ID,G_ID,R_NO,B_DATE,CHECK_IN,CHECK_OUT) values('B118','G118','R318','2023-04-02 14:08:47','2023-05-22','2022-05-28');
insert into Booking(B_ID,G_ID,R_NO,B_DATE,CHECK_IN,CHECK_OUT) values('B123','G123','R413','2023-02-17 21:39:13','2023-03-02','2022-03-06');
insert into BOOKING (B_ID,G_ID,R_NO,B_DATE,CHECK_IN,CHECK_OUT) values('B116','G116','R322','2023-01-20 22:24:06','2023-02-14','2022-02-15');
insert into BOOKING (B_ID,G_ID,R_NO,B_DATE,CHECK_IN,CHECK_OUT) values('B128','G128','R117','2023-03-25 15:41:16','2023-04-01','2023-04-10');
insert into BOOKING (B_ID,G_ID,R_NO,B_DATE,CHECK_IN,CHECK_OUT) values('B110','G110','R101','2023-04-04 20:13:09','2023-04-23','2022-04-29');
insert into BOOKING (B_ID,G_ID,R_NO,B_DATE,CHECK_IN,CHECK_OUT) values('B107','G107','R421','2022-07-09 22:04:12','2022-07-20','2022-07-26');
insert into BOOKING(B_ID,G_ID,R_NO,B_DATE,CHECK_IN,CHECK_OUT) values('B103','G103','R114','2022-09-18 18:19:24','2022-10-15','2022-10-18');
insert into Booking(B_ID,G_ID,R_NO,B_DATE,CHECK_IN,CHECK_OUT) values('B109','G109','R401','2023-05-04 17:26:39','2023-05-24','2023-05-30');
insert into Booking (B_ID,G_ID,R_NO,B_DATE,CHECK_IN,CHECK_OUT) values('B115','G115','R319','2023-02-19 15:20:08','2023-03-05','2023-03-18');
select * from booking;

desc staff;
select s_id,email from staff where dept_name='Reception';
insert into login(S_ID,USERNAME)values('S100','huntington.yosifov');
insert into login (S_ID,username) values('S117','abel.plak');
insert into login (S_ID,username) values('S123','darsie.blakey');
insert into login (S_ID,username) values('S130','dareen.meier');
insert into login (S_ID,username) values('S144','nathalia.sprules');
insert into login (S_ID,username) values('S151','vachel.demetr');
insert into login (S_ID,username) values('S221','farand');
insert into login (S_ID,username) values('S233','tamara');

update login set password='shangrinah.2023' where s_id is not null;









